MS_Class_A_coverage,MS_Class_A_occurrence,MS_Class_A_duration_ms,MS_Class_B_coverage,MS_Class_B_occurrence,MS_Class_B_duration_ms,MS_Class_C_coverage,MS_Class_C_occurrence,MS_Class_C_duration_ms,MS_Class_D_coverage,MS_Class_D_occurrence,MS_Class_D_duration_ms,subject,band
0.4712041205547699,4.271702323650375,110.30827638572514,0.32416933715635016,4.005734525215045,80.92631578947369,0.11497593315775134,3.4121722433410744,33.6958174904943,0.08965060913112861,3.1526914643797763,28.43621399176955,sub-001,delta
0.4829456258027687,11.20308263165406,43.10828025477707,0.30752364518598285,10.23976023976024,30.032309154260375,0.12828729711846595,8.439612335716232,15.200614911606456,0.08124343189278255,6.6946040972015,12.135658914728682,sub-001,theta
0.488005500992514,18.157167507816858,26.876741693461952,0.2729608054283379,15.484515484515486,17.627984918307497,0.13913359367904823,12.500486526460552,11.130254281266216,0.0999000999000999,10.405179236348069,9.600997506234414,sub-001,alpha
0.4058287391620725,4.5001295001295,90.1815690304899,0.16251032917699584,3.541211874545208,45.891162385720506,0.27611894278560944,4.537129537129537,60.857628270472304,0.1555419888753222,4.0638373971707304,38.274658573596355,sub-002,delta
0.3703580370247037,10.54963554963555,35.10623995323689,0.14215414215414215,8.01359134692468,17.73913043478261,0.31782415115748447,10.78396911730245,29.471908506075767,0.16966366966366966,9.36100936100936,18.124505928853754,sub-002,theta
0.3755380422047089,16.554433221099888,22.685043769789534,0.16079599412932746,12.291720625053959,13.081650570676032,0.32159815493148824,16.52976652976653,19.455698563700803,0.14206780873447541,13.340055006721673,10.649716861204206,sub-002,alpha
0.5383496503496503,4.487512487512488,119.96616206589492,0.13852547452547453,3.3966033966033966,40.783529411764704,0.2260939060939061,4.085914085914086,55.334963325183374,0.09703096903096903,3.3506493506493507,28.958855098389982,sub-003,delta
0.6488551448551448,13.608391608391608,47.68051681104096,0.09502497502497502,8.953046953046954,10.613702298594063,0.19355044955044956,11.624375624375624,16.650395324853903,0.06256943056943057,7.664335664335664,8.16371220020855,sub-003,theta
0.5544375624375625,16.14185814185814,34.347815323678674,0.11834565434565435,10.2997002997003,11.490203685741998,0.23735464535464534,14.155844155844155,16.76725476358504,0.08986213786213786,9.962037962037963,9.020457280385079,sub-003,alpha
0.5588411588411588,4.87012987012987,114.74871794871795,0.0653269807115961,2.6185353108430034,24.9479090242113,0.22103281334050565,4.676093137631599,47.26869350862777,0.15479904710673942,4.439790978252517,34.86629164863695,sub-004,delta
0.463229078613694,11.44048259432875,40.49034424853065,0.047337278106508875,4.616537308845001,10.253849354972951,0.30290478752017214,11.159993852301545,27.142021001893614,0.186528855759625,10.458771997233535,17.834680382072005,sub-004,theta
0.4543763928379313,16.335587489433642,27.815124073856285,0.05894874356412818,6.601091216475832,8.930151338766008,0.304318758164912,16.2068700530239,18.77714556661925,0.18235610543302852,14.591178052716515,12.497695852534562,sub-004,alpha
0.5058082413454315,3.9155059816216844,129.18081180811808,0.26519761230505035,3.5687453042824946,74.31116252168884,0.16655245580865416,3.527464271265924,47.215915740198945,0.0624416905408641,2.7720213670626896,22.525688756515265,sub-005,delta
0.5460324799167774,10.799118237134767,50.56269113149847,0.2218442714310483,9.321257255141553,23.799822852081487,0.16737807646898556,9.348089926602324,17.905056303819826,0.06474517218318872,6.555428043031349,9.876574307304786,sub-005,theta
0.5560224899067874,19.81695989960453,28.057910634308925,0.20075791976618423,15.763162457377334,12.735891056697657,0.1722822631913541,15.899389866332015,10.835778268207193,0.07093732713567424,10.553496090686174,6.7216898102875025,sub-005,alpha
0.4220856067009913,3.963344347959733,106.4973339796413,0.14811342503650196,2.972027972027972,49.835811247575954,0.22167063705525245,3.7846768615999387,58.57055837563452,0.20813033120725427,3.809651886574964,54.632375189107414,sub-006,delta
0.40274341043571815,12.771843541074311,31.533694344163656,0.16680242834088987,9.815184815184816,16.994323742415347,0.28233305156382077,12.685391531545378,22.256550053006208,0.1481211096595712,11.021670637055253,13.439079658358027,sub-006,theta
0.47011450088373163,17.939752555137172,26.205183122724353,0.15251671405517558,13.031199569661108,11.703965796845054,0.26483516483516484,16.75247829093983,15.808715596330273,0.11253362022592792,12.635441481595327,8.906188231716587,sub-006,alpha
0.4626773226773227,3.708791208791209,124.75151515151515,0.20763236763236764,2.9995004995004995,69.22231473771856,0.23222777222777222,3.708791208791209,62.615488215488206,0.09746253746253747,2.824675324675325,34.50397877984085,sub-007,delta
0.41883116883116883,12.5,33.506493506493506,0.27626373626373624,11.166333666333667,24.74077387609036,0.20536463536463537,11.52847152847153,17.81369150779896,0.09954045954045954,9.038461538461538,11.012987012987013,sub-007,theta
0.4502097902097902,17.70979020979021,25.42152023692004,0.24684315684315683,15.387112887112888,16.042200941405618,0.20596403596403595,15.534465534465536,13.258520900321544,0.09698301698301698,11.555944055944057,8.392478928031121,sub-007,alpha
0.4762037962037962,4.265734265734266,111.63466042154566,0.19012987012987012,3.4040959040959042,55.85326485693324,0.20863136863136864,4.048451548451549,51.53362122146823,0.12503496503496503,3.7212787212787215,33.6,sub-008,delta
0.5580219780219781,11.45854145854146,48.69921534437663,0.19675324675324676,9.180819180819181,21.430903155603918,0.16726273726273727,10.194805194805195,16.406663400293972,0.07796203796203796,7.8446553446553455,9.938236230499841,sub-008,theta
0.5198301698301698,17.4975024975025,29.708821010562374,0.19373626373626374,13.648851148851149,14.194327538883806,0.19326673326673327,14.850149850149851,13.014463504877229,0.09316683316683316,11.238761238761239,8.289777777777777,sub-008,alpha
0.4109072745436382,4.198074652620107,97.87993510005408,0.1138497865770593,2.8040141676505312,40.60242914979757,0.2612478430660249,4.018708564163109,65.00790960451977,0.21399509581327764,3.925619834710744,54.51243493348756,sub-009,delta
0.43833439287984743,11.304604486422669,38.774854388431415,0.1206429933702661,7.462991553900645,16.16550045634317,0.28873853419307965,10.734719825628916,26.897631133671744,0.15228407955680684,8.966033966033967,16.98455305140542,sub-009,theta
0.43893379347924805,17.443919716646988,25.162566705713914,0.10133502860775588,10.271546635182998,9.865605658709107,0.3168013804377441,16.774134955953137,18.886302111532213,0.14292979747525203,12.853056034874216,11.12029676735559,sub-009,alpha
0.49784333313745077,4.701181171769408,105.8975,0.1576717400246812,3.470059352412294,45.43776460626588,0.2215431627196333,4.567491332197215,48.504342232229014,0.12294176411823471,3.9636833754480816,31.01704966641957,sub-010,delta
0.4190809190809191,11.319562790151027,37.02271252433485,0.1735088440970794,8.982194276311924,19.316977428851814,0.27897984368572604,11.325439266615739,24.6330263328577,0.1284303931362755,9.22019157313275,13.929254302103251,sub-010,theta
0.42052065581477344,15.897337956161486,26.452268736715645,0.1468766527590057,10.890580008227069,13.486577633886416,0.28758888170652874,15.427219838984547,18.64165317588801,0.14501380971969208,12.647646471175884,11.465675455918225,sub-010,alpha
0.43800355488667175,4.933378310001687,88.78369493754109,0.23206663466403726,4.391712183919976,52.84194977843427,0.22782412392802004,4.761472293939827,47.84741144414169,0.10210568652127093,3.872750625997379,26.365159128978224,sub-011,delta
0.42165626581210996,11.783670874579967,35.7830993669144,0.2247233286194325,10.184620574230964,22.064968152866243,0.24254965813407373,11.485267978774473,21.118328155888168,0.1110707474343838,8.926138796268667,12.443313953488373,sub-011,theta
0.4151303242212333,16.707318655370603,24.847214133178024,0.181052713520246,13.223789197815172,13.691439784155016,0.28798474253019707,15.782918380320979,18.246609124537606,0.11583221972832362,11.589060290358992,9.994962216624685,sub-011,alpha
0.39677271880661713,4.084898152694763,97.13160621761658,0.12902351885402732,2.9885368868419717,43.172804532577906,0.270492219644762,4.076432042533738,66.35514018691589,0.20371154269459354,3.9917709409234834,51.03287380699894,sub-012,delta
0.33639242113818385,11.611270085846357,28.971199416697047,0.132579285121658,8.305254067965933,15.963302752293577,0.33977886520259404,12.27162667840634,27.688168333908244,0.19124942853756413,10.743493794341253,17.80141843971631,sub-012,theta
0.3542220491373034,15.594574916608815,22.71444082519001,0.170219610897577,11.937215327045836,14.259574468085106,0.3257420545556139,15.958617653532908,20.411671087533158,0.14981628540950576,12.982779931932475,11.539615259210956,sub-012,alpha
0.5893439893439893,4.025141525141525,146.41571871768355,0.11941391941391942,2.9928404928404926,39.89986091794159,0.20054945054945056,3.5256410256410255,56.883116883116884,0.09069264069264069,2.75974025974026,32.86274509803921,sub-013,delta
0.4320679320679321,11.763236763236764,36.73036093418259,0.13926073926073926,8.578921078921079,16.232896652110625,0.2915917415917416,11.026473526473525,26.444696111740278,0.1370795870795871,8.87029637029637,15.45377756921633,sub-013,theta
0.41694971694971694,16.691641691641692,24.979551122194515,0.14314019314019313,11.297036297036296,12.670596904937362,0.31595071595071594,15.838328338328338,19.948488830486202,0.12395937395937395,11.650849150849151,10.639514112182923,sub-013,alpha
0.47333024118738404,4.464285714285714,106.02597402597402,0.17156058227486798,3.599079491936635,47.66790582403965,0.2453261024689596,4.227914942200656,58.0253164556962,0.10978307406878836,3.362708719851577,32.647214854111404,sub-014,delta
0.5361959469102326,13.464214357071501,39.82378270950646,0.13441915227629514,9.405772798629942,14.29113323850166,0.23649564720993294,11.787319823034109,20.06356413166856,0.09288925360353932,9.147102897102897,10.155046318868845,sub-014,theta
0.5483266733266733,16.117810760667904,34.01992252351965,0.10865919794491223,10.413693449407736,10.434261241970022,0.252997002997003,14.186706150991865,17.833385727758568,0.09001712573141145,10.016768945340374,8.986642920747997,sub-014,alpha
0.4101161995898838,4.1011619958988375,100.0,0.2486285644180381,3.8426485794906844,64.7023945267959,0.200781674465885,4.096780412569886,49.009625668449196,0.1404735615261931,3.676148412990518,38.212157330154945,sub-015,delta
0.5196908354803091,12.207091154459576,42.57286432160804,0.1982754088017246,9.797220323536113,20.237924865831843,0.17514064882485936,10.29233923970766,17.016602809706256,0.1068931068931069,8.579140158087526,12.459652706843718,sub-015,theta
0.5242301558091031,16.908530066424802,31.00388701736201,0.15731636784268363,11.948577738051421,13.166116611661167,0.19864346180135653,14.327777485672222,13.864220183486239,0.11981001454685665,12.27281490439385,9.76222777579436,sub-015,alpha
0.47047779806400497,4.461056185194116,105.46332046332046,0.15524131041372422,3.2682834406972336,47.49934123847167,0.22622205380826071,4.116573082090324,54.95397489539749,0.14805883771401013,3.858210754762479,38.375,sub-016,delta
0.5197733301181577,12.21623204381825,42.54776172012689,0.1430810568741603,8.086740845361534,17.69329073482428,0.18476351234971924,10.855523786558269,17.02023006743356,0.15238210065796273,9.9727858348548,15.279792746113989,sub-016,theta
0.5338282407247924,20.634537875917186,25.870617696160267,0.13777601708636192,13.017155258534569,10.584187892821701,0.18712322160598022,16.73757277205553,11.179830203241574,0.1412725205828654,14.941954597127012,9.454755043227665,sub-016,alpha
0.4963786712289706,3.877958368976333,128.0,0.12483604220131166,2.5092671799258626,49.75,0.17724550898203592,3.6498431708012546,48.5625,0.20153977758768177,3.507271171941831,57.46341463414634,sub-017,delta
0.48343313373253494,11.990305104077558,40.318668252080855,0.14553749643570002,8.326204733390362,17.47945205479452,0.20159680638722555,10.849729113202168,18.580814717477004,0.1694325634445395,9.666381522668948,17.52802359882006,sub-017,theta
0.533675506130596,18.448816652409466,28.927357032457497,0.1217564870259481,11.548331907613345,10.54320987654321,0.21682349586541202,15.839749073282007,13.688568856885688,0.1277445109780439,12.418021100655832,10.287026406429392,sub-017,alpha
0.722725036157872,3.824533675279944,188.97076023391813,0.14424381588560692,3.4965034965034967,41.25373134328358,0.07561095620797113,3.0678276946933667,24.64641555285541,0.05742019174854996,2.672700433894464,21.483960948396096,sub-018,delta
0.5640329819434297,10.690801735577857,52.758716875871684,0.18714121699196326,8.812083438949111,21.23688663282572,0.13587904632680753,9.162479311733044,14.82994304312449,0.11294675473779951,8.502691338512236,13.28364752301622,sub-018,theta
0.4786109412975085,18.667899264914194,25.63817891373802,0.21084885263989742,15.361504167474319,13.72579471002184,0.17030730463566285,15.838638972967333,10.752647681807485,0.1402329014269313,14.716626656925166,9.52887537993921,sub-018,alpha
0.38713460452590887,4.818551014203188,80.3425352112676,0.10783781435955349,3.2630413065195674,33.04825291181364,0.28091473743647655,4.555227381314338,61.66865315852205,0.22411284367806106,4.585088824219259,48.87862640615749,sub-019,delta
0.3618663944750901,11.217043825739479,32.26040658276864,0.11240932980063414,7.815554011206185,14.382771795762418,0.3450136819702037,11.73554706163402,29.39902845246357,0.180710593754072,10.304912478825523,17.536354056902002,sub-019,theta
0.36629674673152934,16.36678538852452,22.380494277657988,0.12088997958563176,10.646961733918255,11.354411014788374,0.342081831212266,16.91515006732398,20.22339913336543,0.1707314424705729,14.431220952960084,11.830699774266366,sub-019,alpha
0.4917105366543569,4.447799391619617,110.55141955835963,0.08919170716923526,2.606943618179573,34.213132400430574,0.2492226874249346,4.4309622961308355,56.24572514249525,0.16987506875147323,4.119476029588389,41.237057220708444,sub-020,delta
0.49424732570799984,13.006656265083231,37.999568500539375,0.0971500409702657,7.725420646768962,12.57537232110425,0.2754661069267811,12.613790703678344,21.8384872080089,0.13313652639495335,10.904825511567084,12.208955223880597,sub-020,theta
0.4566332543860634,16.11871274792623,28.329387186629525,0.08993253937074162,8.915242061309478,10.08750393452943,0.3118117837218961,15.866156315594518,19.65263530244075,0.14162242252129892,13.079617012201282,10.827719373524994,sub-020,alpha
0.6091216475831861,4.831706754783678,126.0675944333996,0.0462102000563539,1.972386587771203,23.428571428571427,0.18119060426752734,4.501908348062194,40.2475106685633,0.16347754809293272,4.553139168523784,35.90436005625879,sub-021,delta
0.6442659904198366,10.896155126924358,59.1278283867176,0.039370885524731676,3.8615230922923227,10.195688225538971,0.16233766233766234,9.455288301442147,17.168980697595664,0.1540254617177694,9.247163093316939,16.656509695290858,sub-021,theta
0.642600988754835,19.544558006096466,32.87876802096986,0.03300545608237916,5.302389917774533,6.22463768115942,0.17614436845206077,16.403468326545248,10.738239312902596,0.14824918671072518,15.148313225236302,9.786514478968506,sub-021,alpha
0.5204662004662005,4.448884448884448,116.9880239520958,0.18622710622710623,3.5464535464535465,52.51079812206573,0.1878121878121878,4.319014319014319,43.48496530454896,0.1054945054945055,3.682983682983683,28.64376130198915,sub-022,delta
0.4473926073926074,11.345321345321345,39.43410625183446,0.2168897768897769,9.463869463869463,22.917663617171005,0.21834165834165833,10.626040626040625,20.54779066123472,0.11737595737595738,8.864468864468865,13.241172051089407,sub-022,theta
0.4327139527139527,18.604728604728603,23.258278145695364,0.18232434232434233,13.806193806193805,13.20598166907863,0.2478854478854479,17.392607392607392,14.252345395366648,0.13707625707625706,14.635364635364635,9.366097838452788,sub-022,alpha
0.5932982679970632,4.245754245754246,139.73919206236712,0.20342308294115524,3.686072963181397,55.18693877551021,0.13565952120168986,3.607837945187343,37.601334445371144,0.06761912786009172,3.1023193673796086,21.79631425800194,sub-023,delta
0.5415789030246861,11.241770277914856,48.17558886509636,0.2084662325626181,9.168542301072423,22.73711847719068,0.1688070965179399,9.496527568816726,17.775665399239543,0.08114776789475585,7.639950411034748,10.62150452934226,sub-023,theta
0.4620439801162693,19.958956705944658,23.149706015377657,0.25764596848934196,17.566770578818772,14.666666666666666,0.20422950543432472,17.470481325903013,11.689975887013434,0.07608054596006403,11.241770277914856,6.767665952890792,sub-023,alpha
0.5915435915435916,4.448254448254448,132.98330804248863,0.12812862812862813,3.0071280071280073,42.60830527497194,0.1496881496881497,3.7732537732537734,39.67084078711986,0.13063963063963063,3.6382536382536386,35.90723562152134,sub-024,delta
0.598037098037098,12.744012744012744,46.92690677966102,0.13972513972513972,8.62988362988363,16.19084865076261,0.1602181602181602,10.347760347760348,15.483365949119374,0.10201960201960202,8.812133812133812,11.577173496744543,sub-024,theta
0.5618840618840619,18.06976806976807,31.095255883451625,0.12066312066312067,11.167886167886168,10.804472650347536,0.2206847206847207,15.801765801765802,13.965826569841948,0.09676809676809676,11.616761616761616,8.330040674026728,sub-024,alpha
0.34371878121878124,4.492382617382617,76.51146629603892,0.11251248751248752,3.018856143856144,37.2699069286453,0.2967032967032967,4.80457042957043,61.75438596491228,0.24706543456543456,4.6515984015984015,53.11409395973154,sub-025,delta
0.33982267732267735,10.729895104895105,31.670643002618565,0.10915334665334665,7.208416583416583,15.142485924642703,0.3557692307692308,11.170079920079921,31.85019564002236,0.19525474525474526,10.055569430569431,19.417572182552004,sub-025,theta
0.4156843156843157,16.38986013986014,25.362285714285715,0.13104395604395605,11.157592407592407,11.74482372691662,0.2808816183816184,15.952797202797203,17.607045009784734,0.1723901098901099,14.126498501498501,12.203314917127072,sub-025,alpha
0.5205508776937349,4.691736834593978,110.95057034220532,0.09957185671471386,3.2396175253318114,30.73568281938326,0.2263593549307835,4.499072356215214,50.312450436161775,0.1535179106607678,4.2564578278864,36.067057837384745,sub-026,delta
0.5401170258313115,13.108320251177396,41.204137180185086,0.0991008991008991,8.537890680747825,11.607187630589218,0.23022691594120165,11.841729698872557,19.442000602591143,0.1305551591265877,9.947195661481377,13.124820659971306,sub-026,theta
0.5486798915370344,18.8846867418296,29.0542225580956,0.09494790923362352,11.335093477950622,8.376455775889204,0.24334237191380048,16.900956186670474,14.398142284146084,0.1130298273155416,12.73726273726274,8.873949579831933,sub-026,alpha
0.4825174825174825,4.457406999779882,108.25071225071225,0.13686313686313686,3.0520327130496625,44.843273231622746,0.24619448348261908,4.216122860190657,58.393574297188756,0.13442489713676153,3.6150290387578523,37.18501170960187,sub-027,delta
0.4937096801503581,12.978546876851961,38.04044357469015,0.12401158163870028,8.516906821991569,14.560636182902584,0.2789075331448213,12.267393623325827,22.73567977915804,0.10337120506612033,9.283089791564368,11.135430916552668,sub-027,theta
0.5362434175993498,17.40208943598774,30.814886888834835,0.10365905281159518,10.197429688955113,10.165213781652138,0.2507831151898949,15.408320493066256,16.275824175824177,0.10931441439916016,11.628202306168408,9.400800873680378,sub-027,alpha
0.49524799524799523,4.198504198504199,117.95819935691318,0.10858060858060858,2.7033777033777033,40.164794007490634,0.24413424413424414,4.208629208629208,58.008019246190855,0.15203715203715204,3.9183789183789184,38.80103359173127,sub-028,delta
0.5360315360315361,11.81926181926182,45.35237007424329,0.11601911601911602,7.350757350757351,15.783287419651057,0.21078921078921078,10.864135864135864,19.402298850574713,0.13716013716013717,9.723384723384724,14.10621312044429,sub-028,theta
0.4948159948159948,17.445392445392446,28.36370671309731,0.11237411237411238,10.04063504063504,11.191932773109244,0.2465912465912466,16.09201609201609,15.323825503355705,0.14621864621864622,13.90838890838891,10.512982285852948,sub-028,alpha
0.3900799200799201,3.2042957042957045,121.73655494933749,0.2737962037962038,2.9995004995004995,91.28059950041632,0.22546453546453546,3.3691308691308692,66.92068198665679,0.11065934065934066,2.6573426573426575,41.642857142857146,sub-029,delta
0.4909390609390609,11.890609390609391,41.28796471329552,0.1863036963036963,9.213286713286713,20.22119815668203,0.20813186813186813,10.844155844155845,19.19299861814832,0.11462537462537463,9.250749250749251,12.390928725701944,sub-029,theta
0.48916083916083913,18.6988011988012,26.160010685187657,0.18224775224775225,13.911088911088912,13.100897666068223,0.21274725274725276,16.633366633366634,12.79039039039039,0.11584415584415585,12.559940059940061,9.223304831974547,sub-029,alpha
0.48301124163193127,4.541435575918334,106.35651074589127,0.18726101484722174,3.809408981822775,49.157498116051244,0.21749514852963128,4.3490991766853835,50.00924092409241,0.11223259499121568,3.5338224993397405,31.759545085296505,sub-030,delta
0.4542239369825577,11.316269936959591,40.139015728056826,0.1866983591121522,9.183345390241941,20.330103157236636,0.23312319864044,10.440708716570786,22.328292548803958,0.12595450526485008,8.594853422439629,14.654642618570474,sub-030,theta
0.46424839528287803,19.24225200087269,24.12651051767865,0.1650763030073375,13.902763902763903,11.873632046252323,0.24732738525841974,17.272956928129343,14.318763503407013,0.12334791645136473,13.121935535728639,9.400131262305841,sub-030,alpha
0.43059188003008225,4.663875450392305,92.32490974729242,0.12241690893376286,3.126087395750317,39.15978456014363,0.26217602622097,4.509535408411813,58.138145612943376,0.1848151848151848,4.301877897383515,42.961513372472275,sub-031,delta
0.5342971635106467,13.281662158066652,40.22818508345658,0.1080604788469957,8.22492114626946,13.138178096212897,0.23869389037928362,11.968368709941744,19.943728018757326,0.11894846726307401,9.310913805295828,12.775165762507534,sub-031,theta
0.5821930878110654,17.168225033393572,33.911082052958484,0.09814904196926669,9.73184119251535,10.085351787773932,0.22123943472258079,14.954146976618887,14.794520547945206,0.09841843549708719,10.730842191516349,9.171548117154812,sub-031,alpha
0.5206955206955207,4.822879822879823,107.96361091672499,0.10665010665010664,3.040878040878041,35.07214206437292,0.21822771822771822,4.637254637254637,47.05967976710335,0.15442665442665443,4.239004239004239,36.42993630573248,sub-032,delta
0.5597510597510598,11.92051192051192,46.95696489241223,0.09382509382509382,6.861381861381862,13.67437284800787,0.21512271512271514,10.337635337635337,20.80966372837088,0.1313011313011313,9.068634068634069,14.478600669892073,sub-032,theta
0.46256446256446254,16.665766665766665,27.755366545159983,0.11429111429111428,9.682884682884684,11.803415824329035,0.24108324108324108,14.974889974889976,16.0991661032229,0.18206118206118205,13.645138645138646,13.342567400445214,sub-032,alpha
0.4087847636234733,4.709000676742613,86.8092386655261,0.1832522316393284,3.8791853307982342,47.2398753894081,0.25358512455286647,4.9950049950049955,50.76774193548387,0.1543778801843318,4.781508813766878,32.28643639427127,sub-033,delta
0.464567690374142,11.565047855370436,40.16997561825148,0.13818439624891238,8.43108504398827,16.38987099856665,0.248912377944636,10.864135864135864,22.911383018168337,0.14833553543230962,9.667751603235475,15.343333333333334,sub-033,theta
0.39966485127775453,16.644645676903743,24.01161665053243,0.16651090844639233,12.862137862137862,12.945818979016599,0.2578228223389514,16.411008346492217,15.710358370152184,0.1760014179369018,14.956817376172216,11.76730406679235,sub-033,alpha
0.5123132681272217,4.327068280556653,118.39731543624161,0.26287665822549544,3.749157818925261,70.1161890007746,0.1526612921961759,3.969867341960365,38.45501097293343,0.07214878145110704,3.188671793322956,22.626593806921676,sub-034,delta
0.46008642520270426,12.197105220361035,37.72095238095238,0.27455103036498385,10.997723207025533,24.96435172960127,0.1935854842831587,11.189392003345493,17.300804567869193,0.07177706014915317,7.835188067746207,9.160859896219423,sub-034,theta
0.4660688149060242,18.94326603628929,24.603403342020542,0.22413632878749157,15.597774318704552,14.369763544963694,0.21813070650279953,16.91041516622912,12.899192855916194,0.09166414980368469,11.639523267430244,7.875249500998004,sub-034,alpha
0.5099000999000999,4.527972027972028,112.6111417539989,0.17246753246753246,3.409090909090909,50.59047619047619,0.18065934065934067,4.090909090909091,44.16117216117216,0.13697302697302696,3.918581418581419,34.95474824729127,sub-035,delta
0.5114985014985015,11.021478521478523,46.40924541128484,0.18315684315684316,8.523976023976024,21.48725461470847,0.1795804195804196,9.647852147852149,18.613512813875225,0.12576423576423576,8.768731268731269,14.34235260609513,sub-035,theta
0.4752647352647353,18.713786213786214,25.396503403176297,0.18244755244755245,13.793706293706295,13.226869455006337,0.20998001998001997,16.181318681318682,12.976693934249113,0.13230769230769232,13.38911088911089,9.881738481626563,sub-035,alpha
0.6236306066814541,5.532602990230109,112.71920428462127,0.10462418936995208,3.492270441422984,29.958787878787877,0.16260011175265413,5.261687465077296,30.902654867256636,0.10914509219593965,4.770653075737822,22.878438331854483,sub-036,delta
0.6063597419529623,11.903350886401734,50.940256045519206,0.09329653397450008,6.849083120269562,13.62175525339926,0.17501142924871738,10.383684112497672,16.854463921728495,0.12533229482382024,9.736026685179228,12.87304347826087,sub-036,theta
0.5132494624020048,17.249699453089285,29.754110429447852,0.0928393640258047,9.367750893174623,9.910528694080433,0.23285189386884303,15.793528505392914,14.743500402036988,0.1610592797033475,14.66330279889602,10.983833718244803,sub-036,alpha
0.5208918066060924,4.245754245754245,122.68534080298787,0.1371485657199943,3.1635031635031634,43.35338345864662,0.22726479869337013,4.146647003789861,54.80688336520077,0.11469482898054327,3.6392179249322103,31.516339869281047,sub-037,delta
0.5278372421229565,11.750154607297464,44.92172739541161,0.14274614274614275,8.769008769008769,16.27848101265823,0.21951064808207665,10.43797472368901,21.030003797949107,0.10990596704882419,8.721437292865865,12.601818181818182,sub-037,theta
0.5116629402343688,18.196089624661052,28.11938997821351,0.1270634127776985,12.122797837083551,10.481360366252453,0.2463726749441035,16.368552082837798,15.051586340518286,0.11490097204382918,12.483548197833912,9.204191806922832,sub-037,alpha
0.5282180506061103,4.5476911148552945,116.15081967213115,0.18706666467860497,3.708977589574605,50.436180904522615,0.18040168786437444,4.350127484455843,41.47043701799486,0.10431359685091028,3.667973817227549,28.4390243902439,sub-038,delta
0.5154248736338288,13.076475763042929,39.41619156214367,0.15412945263691533,9.095382229710589,16.945901639344264,0.19544634470007605,11.294675473779952,17.304290429042904,0.13499932902917977,10.183846004741529,13.256222547584187,sub-038,theta
0.5095799722665394,16.360505166475317,31.14695830485304,0.13180849001744524,10.728077892256998,12.286309937456567,0.21354764638346727,14.567522030208599,14.659160696008188,0.14506389133254805,12.830453128960594,11.306217315514235,sub-038,alpha
0.49572649572649574,4.31667098333765,114.84,0.1681405014738348,3.2560032560032557,51.640151515151516,0.2044868711535378,4.255004255004255,48.05797101449275,0.13164613164613165,3.844920511587178,34.23897353648757,sub-039,delta
0.4482307815641149,10.98284431617765,40.81190342504211,0.21490854824188158,9.018759018759019,23.82905982905983,0.21980488647155313,10.162676829343496,21.62864077669903,0.11705578372245039,8.547008547008547,13.695526695526695,sub-039,theta
0.42065342065342065,18.749768749768748,22.435125801677355,0.18043684710351376,14.05693072359739,12.83614827813117,0.2666222666222666,18.065268065268064,14.758832565284179,0.13228746562079896,14.67359800693134,9.015339357007775,sub-039,alpha
0.46043508730075894,3.9400897609852836,116.85903500473037,0.08103836462045418,2.2365694007485053,36.233333333333334,0.21872157693053215,3.563600578525952,61.37656903765691,0.23980497114825472,3.6567909702238066,65.57798165137615,sub-040,delta
0.4513247946083767,11.902276827649963,37.91919824616348,0.08914965631383542,6.225118165416673,14.320958083832336,0.20710632650931157,10.839906362294423,19.105914718019257,0.2524192225684763,11.384138249809892,22.172888015717092,sub-040,theta
0.47167757615518807,17.012837908360297,27.724802804557406,0.0919080919080919,8.554877957863033,10.743355119825708,0.208955223880597,14.511607795189887,14.39917801181608,0.227459108056123,14.92537313432836,15.23976023976024,sub-040,alpha
0.5446850446850446,5.302130302130302,102.72947167409293,0.12336312336312337,3.564003564003564,34.61363636363637,0.20019170019170018,4.728379728379728,42.33832976445396,0.13176013176013177,4.195129195129195,31.407884151246986,sub-041,delta
0.6508761508761509,12.484137484137484,52.13625304136253,0.09367659367659367,7.654507654507655,12.238095238095237,0.17095067095067096,10.027135027135028,17.04880511612252,0.0844965844965845,7.5566325566325565,11.181777579276464,sub-041,theta
0.5632070632070632,16.94926694926695,33.228992433293506,0.0990900990900991,9.396009396009397,10.545977011494253,0.22515322515322514,14.563139563139563,15.460486674391657,0.11254961254961254,11.184761184761186,10.062764031382015,sub-041,alpha
0.42572705072705075,4.224941724941725,100.76518883415436,0.21740759240759241,3.5346597846597847,61.507360157016684,0.25037462537462535,4.325535575535575,57.88291900561347,0.10649073149073149,3.5485347985347984,30.009775171065495,sub-042,delta
0.4205794205794206,11.152042402042401,37.71321928460342,0.21314796314796314,9.511322011322012,22.409919766593728,0.2691058941058941,10.749666999667,25.033881897386255,0.09716672216672216,7.697163947163947,12.623704371338441,sub-042,theta
0.39812964812964813,17.766955266955268,22.40843420538852,0.14928127428127427,12.54995004995005,11.894969596462134,0.3371212121212121,18.27339327339327,18.44874715261959,0.11546786546786547,12.192668442668442,9.47027027027027,sub-042,alpha
0.4021135114885115,4.565746753246754,88.07179487179488,0.1730144855144855,3.7501560939060945,46.13527575442248,0.22383866133866134,4.686719530469531,47.76019983347211,0.20103334165834166,4.678914835164836,42.96580483736447,sub-043,delta
0.3962755994005994,11.601679570429571,34.15674402959973,0.13291396103896103,7.539335664335665,17.629399585921323,0.25373064435564435,10.548045704295706,24.05475397706252,0.2170797952047952,10.005619380619382,21.69578783151326,sub-043,theta
0.39541708291708294,16.09328171828172,24.57032007759457,0.10793893606393606,9.346122627372628,11.549060542797495,0.264985014985015,15.465003746253748,17.13449407014888,0.23165896603396605,14.922577422577424,15.524058577405858,sub-043,alpha
0.501469119116178,4.859111476758536,103.20181405895691,0.133924898630781,3.3349003937239234,40.158590308370044,0.23210612916495268,4.701181171769408,49.371875,0.13249985308808837,4.194335076688018,31.590192644483366,sub-044,delta
0.5049362402303579,12.024739965916437,41.991447770311545,0.12054122348239996,7.9405888229417645,15.180388529139686,0.24012751953928424,11.018393371334549,21.793333333333333,0.13439501674795792,9.071810542398778,14.814574898785425,sub-044,theta
0.505127225715461,16.718575542104954,30.21353251318102,0.10198624904507257,9.659458188869953,10.558174904942966,0.23157724628312865,15.054798143033437,15.38228836301537,0.1613092789563378,13.100869718516778,12.31286795626577,sub-044,alpha
0.4952911079249951,4.245031064631301,116.67549668874172,0.1358691068567091,2.9588709904135393,45.919239904988125,0.19687385791796688,3.781170054257682,52.066914498141266,0.17196592730032892,3.675747097354587,46.783938814531545,sub-045,delta
0.5869669112479267,14.140732619268507,41.508946322067594,0.15071265918866492,9.502122515532315,15.86094674556213,0.1472266734137359,11.954963312810998,12.315108759553205,0.11509375614967249,11.076438671951871,10.390862944162437,sub-045,theta
0.5882319867307638,17.542380028675044,33.532051282051285,0.1402265890753704,11.821427567400411,11.862068965517242,0.16513451969300835,14.119648027887887,11.695370831259334,0.10640690450085744,11.891709538669142,8.947990543735225,sub-045,alpha
0.4586507242757243,4.608672577422578,99.5190516511431,0.1615571928071928,3.6682067932067937,44.04255319148936,0.25755494505494503,4.706231268731269,54.72636815920398,0.12223713786213786,3.8594218281718287,31.672396359959553,sub-046,delta
0.4147102897102897,11.991914335664337,34.58249267816466,0.18870192307692307,9.822209040959041,19.211760031783868,0.29729645354645357,11.831918081918083,25.12664907651715,0.09929133366633366,9.170516983016984,10.827234042553192,sub-046,theta
0.35871940559440557,16.916677072927076,21.205074971164937,0.14974088411588413,12.561657092907094,11.920472196334265,0.3764828921078921,17.747877122877124,21.21284080914688,0.11505681818181818,13.037743506493507,8.82490272373541,sub-046,alpha
0.437219030969031,3.7033279220779223,118.06111696522656,0.1871565934065934,2.915053696303697,64.20348058902276,0.15595342157842157,3.820398351648352,40.82124616956077,0.21967095404595405,3.70723026973027,59.25473684210527,sub-047,delta
0.4800511988011988,10.50902222777223,45.67991088005941,0.1440902847152847,7.250561938061939,19.8729817007535,0.1662556193806194,9.229052197802199,18.014376321353065,0.2096028971028971,9.701236263736265,21.605792437650845,sub-047,theta
0.42841533466533466,18.33713161838162,23.363268780591614,0.13260177322677322,11.874843906093908,11.16661189615511,0.21131993006993008,17.022040459540463,12.414488766620817,0.22766296203796205,16.624000999001,13.694835680751174,sub-047,alpha
0.4798334365751256,3.957602037304701,121.24347826086957,0.18105168972400026,3.0284259068070756,59.78409090909091,0.19636588891183152,3.5188244201252665,55.80440097799511,0.1427489847890426,3.269323422121275,43.66315789473684,sub-048,delta
0.4034689242205245,10.565076743065593,38.188925081433226,0.21295340353775208,8.904604583935576,23.914975845410627,0.2482276825659027,10.229540918163673,24.265769554247267,0.13534998967582076,8.603482689792829,15.732,sub-048,theta
0.4162709064629362,17.258586275724415,24.119641076769692,0.18167114047766536,13.05148324041572,13.919578114700066,0.24729850643540505,15.400234014729163,16.058100558659216,0.15475944662399338,13.430036478766604,11.523382447149263,sub-048,alpha
0.5782353239980359,4.48703838534347,128.8679245283019,0.11613809918894664,2.9038757852317176,39.994169096209916,0.17536700587548046,4.0637328772922,43.15416666666667,0.13025957093753704,3.936741224876818,33.08817204301075,sub-049,delta
0.5699385360402309,13.071674088623242,43.601036269430054,0.18789684891379807,10.273624680404343,18.289245982694684,0.15997561760273624,11.27262567940534,14.191513330829892,0.08218899744323473,8.58463570327977,9.57396449704142,sub-049,theta
0.6318088690970047,18.278331837653873,34.566002779064384,0.16380229939551974,13.952149545369885,11.740291262135923,0.14233224402715927,14.557476421883202,9.777260831637104,0.0620565874803163,9.78682334614538,6.340830449826989,sub-049,alpha
0.4894777353793747,4.327639573541213,113.1050141911069,0.16398355742618037,3.156679386187583,51.94811932555123,0.20563043513863186,4.024663860729435,51.092573753814854,0.14090827205581305,3.639802820130689,38.71316085489314,sub-050,delta
0.4828941550253026,11.242855505150587,42.95120174799709,0.2070224857110103,9.24075924075924,22.403190075321223,0.18971192741684545,10.252043038928285,18.50479233226837,0.12037143184684168,8.855898200160496,13.592233009708737,sub-050,theta
0.4395276854293248,18.219485432600187,24.124044943820223,0.15605705769640196,12.839619396996445,12.154336734693878,0.25097852966705425,16.602250208807586,15.117139334155365,0.15343672720721901,14.108841977694437,10.875217643644806,sub-050,alpha
0.8782201405152225,4.3849593029920895,200.28011204481794,0.07089631679795615,3.51288056206089,20.181818181818183,0.043710387972683055,3.2917901770360785,13.278606965174129,0.007173154714138321,1.1341117898494948,6.324909747292419,sub-051,delta
0.879825092939847,10.084178116965003,87.24807145757207,0.0687509212099376,7.451564828614009,9.226373626373626,0.04294066589148556,6.40343263294083,6.705882352941177,0.008483319958729795,1.6458950885180392,5.154228855721393,sub-051,theta
0.8414536283388743,16.475327950737785,51.07355864811133,0.08963167979561422,12.22957370498354,7.329092735185805,0.05856438643323889,9.543734953571018,6.136422136422136,0.010350305432272645,2.3255433091498667,4.450704225352113,sub-051,alpha
0.40139547952047955,4.198926073926074,95.59479553903346,0.21931193806193805,3.5316246253746257,62.09944751381215,0.23331356143856144,4.02332042957043,57.99030067895247,0.145979020979021,3.8164960039960043,38.24948875255624,sub-052,delta
0.4074519230769231,11.476804445554446,35.502210132607956,0.2651098901098901,10.376342407592409,25.54945468221136,0.23668518981018982,11.02413211788212,21.469734513274336,0.09075299700299701,8.64370004995005,10.499322799097065,sub-052,theta
0.45256306193806195,18.07177197802198,25.042539408335134,0.22026411088911088,15.917676073926076,13.837705319931356,0.23390671828171827,16.397664835164836,14.264635887672537,0.0932661088911089,11.863136863136864,7.861842105263157,sub-052,alpha
0.5865747156069737,4.6687183783957975,125.63934426229508,0.07743869034191615,2.7754503560955177,27.901306240928882,0.17954626019142148,4.217556636911476,42.57115568290354,0.1564403338596887,4.1128226612097585,38.037218413320275,sub-053,delta
0.5389771518803776,13.587219232380523,39.66795137859472,0.057845380426025585,6.392800747639457,9.048519218651544,0.22090812413393057,12.451258419000355,17.74183112261404,0.18226934355966615,11.661725371402792,15.629706390328153,sub-053,theta
0.5679159550127292,17.450291643840032,32.54478301015697,0.05765202539396088,7.460281653830041,7.727861771058316,0.2130933582546486,15.186426476749057,14.03183023872679,0.16133866133866134,14.094776191550386,11.446699056873392,sub-053,alpha
0.5207415535284388,3.21399911563846,162.02292993630573,0.20861106107007746,3.033851394507132,68.76113360323886,0.18052439363914774,2.5507279605640263,70.77367576243981,0.09012299176233603,1.965247866887211,45.858333333333334,sub-054,delta
0.48282864676307297,13.392345359558474,36.05258330785693,0.15626995954864809,9.850804932772146,15.863674147963424,0.22669134144543981,12.434287024450958,18.231149160355614,0.13421005224283913,10.600055682022894,12.661259173426034,sub-054,theta
0.5238040647876714,17.79368172810796,29.437643810400367,0.18103208267142692,13.691226805980904,13.222488038277511,0.20810337203779827,15.234765234765234,13.659768879333512,0.08706048050310346,11.03404791929382,7.890166975881262,sub-054,alpha
0.47346096526424397,4.213000114639459,112.38095238095238,0.11819328212770835,2.792289677535579,42.328445747800586,0.25667774848102715,3.9591555984998608,64.83143743536712,0.15166800412702053,3.660274152077431,41.43624161073826,sub-055,delta
0.43502399240104156,10.477227690342444,41.52090660414224,0.11878285648777452,6.718691144920653,17.679463741620964,0.2844204975352516,10.3380226331046,27.51207920792079,0.16177265357593226,8.79448420432027,18.394785847299815,sub-055,theta
0.34994513683038275,17.71589066671034,19.753177721284956,0.14642734314865463,12.274610635266374,11.929286190793862,0.3246261934786525,18.350501957059333,17.690316822846942,0.17900132654231016,16.053618512634905,11.150216781433308,sub-055,alpha
0.5365076100370219,4.488158899923606,119.53846153846153,0.10092848328142445,2.7472527472527473,36.7379679144385,0.20297349709114415,4.0290591761179995,50.37739288969918,0.1595904095904096,3.8417464888053123,41.541108986615676,sub-056,delta
0.5436916025151319,12.93559381794676,42.030664395229984,0.08472409942998178,6.4935064935064934,13.047511312217194,0.20674913321972146,11.07348533819122,18.670646766169153,0.16483516483516483,10.394017746958923,15.858657243816253,sub-056,theta
0.5175412822471646,18.760651113592292,27.586530931871575,0.08097784568372804,8.52823646941294,9.49526270456503,0.2231151201739437,16.013398366339544,13.93302752293578,0.17836575189516365,15.087853323147442,11.821811100292113,sub-056,alpha
0.6223453965389449,4.092681512036351,152.06299212598427,0.13979568818278496,2.9808900776642715,46.8972972972973,0.12966066191872644,3.697914988237569,35.06318082788671,0.10819825335954368,3.4763623473300895,31.123986095017383,sub-057,delta
0.5974509361606136,11.528793786858303,51.822501747030046,0.14759434114272824,8.314266378782508,17.751937984496124,0.13944120395733298,9.413973123650543,14.812152332049637,0.1155135187393252,8.435113273822951,13.694364851957975,sub-057,theta
0.5767941735683672,18.16731655441333,31.7490022172949,0.13220650317424512,11.35155167413232,11.646557842441448,0.1550062840385421,14.372724050143406,10.784753363228699,0.13599303921884567,13.289130224614096,10.23340406183692,sub-057,alpha
0.457566243280529,4.025736168593311,113.6602658788774,0.11578897293183008,2.75319918177061,42.056155507559396,0.24102088387802673,3.924646781789639,61.412121212121214,0.1856238999096142,3.8354502640216923,48.396899224806205,sub-058,delta
0.4549735978307407,11.643118785975929,39.076608784473954,0.12049854906997765,7.664954093525521,15.720713731574865,0.25688597117168543,11.440940012368584,22.453222453222452,0.16764188192759621,10.198135198135198,16.438483965014576,sub-058,theta
0.4098282669711241,18.237714666286095,22.47147049233779,0.11217354074496931,10.828457257028685,10.359143327841846,0.3122591694020265,17.86308929166072,17.48069241011984,0.16573902288188003,14.693639693639692,11.279643868878996,sub-058,alpha
0.6792147246692701,4.847425301970756,140.11865729898517,0.08521781249053977,3.1143099324917505,27.363304981773997,0.18746405110041472,4.359277086549814,43.00347222222222,0.04810341173977538,3.2013441104350195,15.026004728132389,sub-059,delta
0.6411770048133685,11.730693548875367,54.65806451612903,0.07410771047134683,6.641086186540732,11.158974358974358,0.22436654254836072,10.74682892864711,20.877464788732393,0.060348742166923985,6.913541004450095,8.729064039408867,sub-059,theta
0.5990675990675991,18.988587170405353,31.548824232762055,0.08135803590349044,9.937032664305391,8.187357197258187,0.24928102200829474,16.877062331607785,14.770403587443946,0.07029334302061575,10.292737565464838,6.829411764705882,sub-059,alpha
0.4967671217671218,4.51978576978577,109.90943975441289,0.15177877677877677,3.472222222222222,43.71228771228771,0.22555222555222557,4.377566877566878,51.52456418383518,0.1259018759018759,3.780941280941281,33.29908256880734,sub-060,delta
0.45908258408258407,12.1510434010434,37.78133028832429,0.20313020313020314,10.083666333666333,20.144478844169246,0.22215284715284717,11.276917526917526,19.69978468163642,0.11563436563436563,9.556415806415806,12.100181488203267,sub-060,theta
0.39524364524364525,17.37151737151737,22.752396166134186,0.15914640914640915,13.136169386169385,12.115130710324795,0.30133755133755136,16.854673104673104,17.87857583864993,0.14427239427239427,13.913170163170163,10.369483919222139,sub-060,alpha
0.45855783560701596,4.327639573541213,105.96026490066225,0.18448764350403696,3.398241103159136,54.28915662650602,0.2269697515599155,3.832233340430062,59.22649572649573,0.12998476932903164,3.2426589803638985,40.08585858585859,sub-061,delta
0.3974386269468237,11.095461915134047,35.81992619926199,0.1975729188843943,8.89684086405398,22.207086976530142,0.27374265079183113,10.98491672262164,24.919865821841224,0.1312458033769509,9.064705786017262,14.47877145438121,sub-061,theta
0.399076333502563,16.89703738884067,23.618124545674824,0.17831348978889963,13.118029511472134,13.593008739076154,0.2908403072337499,16.659569938258464,17.457852052101252,0.1317698694747875,12.8273365978284,10.272582189594639,sub-061,alpha
0.6375427850837687,4.589672622459508,138.90811775200714,0.09886834476998412,3.119830988683448,31.69028871391076,0.15892304416894582,3.8854588034915905,40.90200210748156,0.10466582597730138,3.480126430946103,30.075294117647058,sub-062,delta
0.5594405594405595,11.730073205483041,47.69284467713787,0.07364766381159824,6.296981706817772,11.695708712613785,0.2316699693748874,10.485416223121142,22.09449433814916,0.1352418073729549,9.302173236599467,14.538732394366198,sub-062,theta
0.5866264882658325,16.749643798824128,35.02322170618431,0.08902572836999066,8.606147950410245,10.344433872502378,0.19524737557524444,13.715792404316995,14.235223880597015,0.1291004077889324,11.697319074368254,11.03675183759188,sub-062,alpha
0.4550514420644291,3.6781400417764054,123.71781305114638,0.18708564163109617,2.954837370421786,63.31503841931943,0.19156168506817858,3.5678607107178535,53.69090909090909,0.16630123123629617,3.1689090130648574,52.47901740020471,sub-063,delta
0.4715933417232119,11.864758618005371,39.74740295243302,0.18166249335080503,9.133723419437706,19.889204545454547,0.20457464613308768,10.483023470036457,19.514851485148515,0.1421695187928954,9.80837344473708,14.494708994708995,sub-063,theta
0.4237061639659042,15.714804675843638,26.962229102167182,0.17045292369967693,11.741505247998754,14.517127071823204,0.24676622079219482,14.871492144219417,16.593238822246455,0.159074691542224,12.899438224113549,12.331908473723912,sub-063,alpha
0.611110408578763,4.2552384324536225,143.61367013372956,0.12165050139733684,3.18352533542407,38.21251241310824,0.18433465268908306,3.784190493051253,48.711779448621556,0.08290443733481709,3.047585326066339,27.203319502074688,sub-064,delta
0.577764008143755,12.089176646138672,47.7918410041841,0.11568178656786252,7.808647049153379,14.814574898785425,0.20755194172915692,10.204984888529193,20.33828996282528,0.09900226355922559,8.200660099394277,12.072474942174248,sub-064,theta
0.560325750199168,16.818624413561125,33.31578947368421,0.09601790614448842,9.591674148636175,10.010547132498353,0.22634327697618836,14.270539586995284,15.860877270713337,0.11731306668015529,10.87836214418493,10.784074396977623,sub-064,alpha
0.5473526473526473,3.533966033966034,154.8833922261484,0.17402597402597403,2.9553779553779553,58.884507042253524,0.16215451215451215,3.2967032967032965,49.186868686868685,0.11646686646686646,3.005328005328005,38.75346260387812,sub-065,delta
0.5303696303696304,10.593573093573093,50.065225933202356,0.19187479187479187,8.616383616383617,22.268599033816425,0.1964202464202464,9.419746919746919,20.8519664162616,0.08133533133533133,7.038794538794538,11.555292726197516,sub-065,theta
0.4528471528471528,19.01848151848152,23.810899540380827,0.18233433233433233,14.360639360639361,12.696811594202899,0.2714951714951715,17.6989676989677,15.339604891815616,0.09332334332334333,11.775724275724276,7.925061859314245,sub-065,alpha
0.5663160369042722,3.698507374977963,153.1201588877855,0.1755597343832638,2.905183052241876,60.42983565107459,0.18785626138567316,3.485485103132162,53.89673340358272,0.07026796732679086,2.967620614679438,23.678217821782177,sub-066,delta
0.41689193159781396,11.455456308397485,36.39243347226675,0.21550508315214198,9.615384615384615,22.412528647822764,0.3038285244167597,11.20203326085679,27.12262295081967,0.06377446083328436,7.103190926720338,8.97828335056877,sub-066,theta
0.28951930422518657,16.938943409531646,17.091934084995664,0.19868366927190456,15.400041135335254,12.901502504173623,0.4524446142093201,19.35197155785391,23.379768457012716,0.059352412293588765,9.347270376682141,6.349705304518664,sub-066,alpha
0.5366696795268224,4.075289789575503,131.6887159533074,0.09201909201909202,2.291359434216577,40.15916955017301,0.2372706658420944,3.896896754039611,60.88708036622584,0.13404056261199118,3.524253524253524,38.03374578177728,sub-067,delta
0.5325943897372469,12.776905634048491,41.684145206329504,0.08765837337265908,6.648113790970934,13.185450208706023,0.25978783121640264,11.785833214404642,22.042381432896065,0.11995940567369139,9.736295450581164,12.32084690553746,sub-067,theta
0.5294863866292437,19.85316271030557,26.670127795527158,0.08494679923251351,9.502402359545217,8.93950771798081,0.27589870447013304,18.033553747839463,15.299186634425148,0.10966810966810966,13.12179883608455,8.357703927492446,sub-067,alpha
0.4623004114529538,4.029868436648098,114.71848739495799,0.28016051744865306,3.6912240302070813,75.89908256880734,0.19998645422374237,3.475338221100933,57.54445797807552,0.057552616874650776,2.5990958194348024,22.14332247557003,sub-068,delta
0.42310232140740617,11.276858734485854,37.51951951951952,0.25227315057823535,10.155099138149986,24.842017507294706,0.24489070251782116,10.798523510387918,22.678165425323403,0.07973382549653736,7.141163920824938,11.165382335506816,sub-068,theta
0.4184120963781981,18.25716656225131,22.917690702527242,0.25970639529961564,16.030579589901624,16.200686559281753,0.2563538156758496,17.25816556325031,14.854059357370616,0.06552769264633672,9.371983948255135,6.991869918699187,sub-068,alpha
0.522445296638845,4.181302568399342,124.94797687861272,0.1199606844768135,2.843930263285102,42.18130311614731,0.19300054783925752,3.9194676291450485,49.2415210688592,0.16459347104508396,3.758338435757791,43.79421221864952,sub-069,delta
0.47792530050594567,12.29818568528246,38.861447756305274,0.11409558183751732,7.202474944410429,15.84116331096197,0.23268666817053915,10.860107634301183,21.42581602373887,0.17529244948599787,10.167252102735974,17.240887480190175,sub-069,theta
0.47429989365473235,16.78160549128291,28.2630820931349,0.1045889594276691,9.409944893815862,11.11472602739726,0.2330894911540073,15.403950887821857,15.131799163179917,0.18802165576359126,14.102832651219748,13.33219080262782,sub-069,alpha
0.48165393928105793,4.567466431873211,105.45319740500463,0.18671159349125452,3.5980968184358018,51.89176470588235,0.2173589122741665,4.26691952115681,50.94047619047619,0.11427555495352106,3.8055165173809242,30.02892102335929,sub-070,delta
0.39855060194043246,12.055740869300191,33.05898876404494,0.15980629539951574,9.342352562691547,17.105573176257362,0.31118034507865017,11.805990619549942,26.357834349229115,0.13046275758140166,9.342352562691547,13.964657906660625,sub-070,theta
0.38635940330855584,16.610508135931866,23.25993883792049,0.15626746135220712,11.73826173826174,13.312657771366752,0.3108924973331753,16.470817318274946,18.875353379593935,0.14648063800606173,13.520377927157588,10.834063869755791,sub-070,alpha
0.29838817898519393,3.4965034965034967,85.33901918976545,0.2669718341360132,3.444316877152698,77.5108225108225,0.3493670508595882,4.085466772033937,85.51459854014598,0.08527293601920467,2.9187230679767997,29.215836526181352,sub-071,delta
0.3043076326658416,9.639614117226058,31.56844547563805,0.29324406936347236,9.509147568849063,30.83810270482164,0.3259725349277588,10.761626433268225,30.29026671285071,0.07647576304292722,6.530782650185636,11.710045662100457,sub-071,theta
0.3051277081127827,16.84509520330416,18.113741978313787,0.2757242757242757,15.957922674340587,17.27820602662929,0.3423591334039095,18.20940253776075,18.801228249744113,0.076788882759032,10.120476538386987,7.587476979742173,sub-071,alpha
0.5097065097065097,5.423630423630423,93.97884256378345,0.1209061209061209,3.7496287496287497,32.244824482448244,0.22368172368172368,5.187380187380188,43.120364346128824,0.1457056457056457,4.81950481950482,30.23249299719888,sub-072,delta
0.5732240732240732,11.32988632988633,50.59398272266905,0.12556362556362557,8.062883062883063,15.573043114273755,0.20186570186570185,10.057510057510058,20.071140939597317,0.09934659934659934,8.208008208008208,12.103618421052632,sub-072,theta
0.5048870048870049,16.375516375516376,30.8318219291014,0.13851013851013852,11.350136350136351,12.203389830508474,0.2425952425952426,15.022140022140023,16.14917995955965,0.11400761400761401,11.741636741636741,9.709686691578039,sub-072,alpha
0.5030354261123492,4.330285099515869,116.16681455190772,0.09200030738492276,2.7165142549757935,33.86704384724187,0.20746945362329977,4.130484899715669,50.22883720930233,0.19749481287942827,3.9806347498655192,49.61389961389961,sub-073,delta
0.5336355951740567,13.102282333051564,40.728445747800585,0.09991546914623838,7.619303773149928,13.113464447806354,0.20708522246983785,11.323292092522863,18.2884289107567,0.15936371320986706,10.758472296933835,14.812857142857142,sub-073,theta
0.6251901944209637,18.147237378006608,34.450984543722214,0.09601168062706525,9.563513409667257,10.03937324226597,0.16735572120187506,13.978329362944748,11.972512369433755,0.11144240375009606,12.37608545300853,9.00465693883887,sub-073,alpha
0.5084474349180231,4.256772639125581,119.44434857635893,0.07986131515543281,2.3946641593700417,33.34969325153374,0.3052682611506141,4.2347358523829115,72.08673026886383,0.10642298877592996,3.5001762942939414,30.405036726128017,sub-074,delta
0.48369277781042486,13.082505729564554,36.972487366647954,0.13236763236763235,8.546600458365164,15.487752470992694,0.2804107657048833,13.060468942821885,21.470191226096738,0.10352882411705941,9.637421402127284,10.742378048780488,sub-074,theta
0.5664041840512428,18.628430393136277,30.405362776025235,0.10890580008227067,11.32323558794147,9.61790463833928,0.24443203854968562,16.84345066698008,14.511993022241604,0.08025797731680084,10.654786390080508,7.532574974146846,sub-074,alpha
0.487012987012987,4.011613386613387,121.40077821011673,0.17907092907092906,3.047733516483517,58.75544174135723,0.18606393606393606,3.6018668831168834,51.65763813651137,0.14785214785214784,3.37553071928072,43.80115606936416,sub-075,delta
0.454124000999001,11.58997252747253,39.18249158249158,0.20932192807192807,9.36173201798202,22.35931638182576,0.21600274725274726,10.54024100899101,20.493150684931507,0.12055132367632368,8.928571428571429,13.501748251748252,sub-075,theta
0.4507523726273726,17.927385114885116,25.143230300391817,0.18515859140859142,13.685533216783218,13.529512403763901,0.2413523976023976,16.748876123876126,14.410065237651445,0.12273663836163837,13.107985764235766,9.363501041976779,sub-075,alpha
0.489848612925536,4.264965803427342,114.85405405405406,0.042173211403980636,2.044109736417429,20.63157894736842,0.24261891954199646,4.057480980557904,59.79545454545455,0.2253592561284869,4.038269422884808,55.80589914367269,sub-076,delta
0.47043725505263967,12.77568585260893,36.822857142857146,0.03112272343041574,4.464766003227542,6.970740103270224,0.23444248059632675,12.011065857219704,19.518873960332694,0.26399754092061783,12.057173595635135,21.895474824729128,sub-076,theta
0.442895565972489,18.911857373395836,23.418935392117024,0.02728041189579651,4.699147006839315,5.8053965658217495,0.2532544378698225,17.259663413509568,14.67319679430098,0.27656958426189193,17.73995235533697,15.59021009313407,sub-076,alpha
0.5419498534252633,4.470938897168406,121.21611721611721,0.21876484171566138,3.9755326640572544,55.027806385169924,0.15638459900754983,3.9755326640572544,39.33676622039135,0.08290070585152552,3.3327328409295625,24.874692874692876,sub-077,delta
0.54705949787917,12.205008106647451,44.82254277088225,0.2393999443179771,10.964445390674898,21.834204630321135,0.15399354743617039,9.985915723620641,15.421074210742107,0.0595470103666825,6.681842747416518,8.911764705882353,sub-077,theta
0.5559358674112772,17.8141530600547,31.207538496897264,0.2017982017982018,14.804867263883658,13.630530973451327,0.18055714777026252,14.641096608309724,12.332214765100671,0.06170878302025843,8.937783527947463,6.904260192395785,sub-077,alpha
0.4483263215657582,4.126155534606239,108.65473145780051,0.16956283153466253,3.229165200996187,52.509803921568626,0.21491184871466562,3.908063767218697,54.99189918991899,0.16719899818491368,3.5140915422605565,47.57957957957958,sub-078,delta
0.3991923569388358,13.096058870706758,30.48186946011281,0.2000393972224958,10.623179637264144,18.83046357615894,0.2514387021429275,12.994048205315812,19.350297780184082,0.1493295436957409,10.855341841257335,13.756318859364873,sub-078,theta
0.46245303991782866,16.810654134597797,27.509520820255283,0.21527768006641246,14.091542260556345,15.27708437343984,0.20918518101616693,14.752852781021796,14.1793037672866,0.11308409899959196,11.988011988011989,9.433098591549296,sub-078,alpha
0.4059914444529829,4.168908015061861,97.38556067588326,0.09882425267040652,2.644791106329568,37.365617433414045,0.3081149619611158,4.32260047644663,71.28,0.18706934091549476,3.8198980506672813,48.972338642078796,sub-079,delta
0.45302133763672225,11.261174722713184,40.228603923798694,0.070544839775609,5.596967135428674,12.604118993135012,0.3026204564666103,10.547145162529777,28.69216757741348,0.17381336612105844,9.352826660518968,18.584046559397468,sub-079,theta
0.47899536361074824,16.99582468813238,28.18311981914092,0.08832193447578063,8.552345090806629,10.327218270310745,0.2921309459770998,16.176131560746946,18.05938242280285,0.14055175593637131,12.756474294935833,11.018072289156626,sub-079,alpha
0.45437895437895437,3.961316461316461,114.70402802101576,0.08892496392496392,2.3656898656898657,37.589442815249264,0.24675324675324675,3.4965034965034962,70.57142857142857,0.20994283494283494,3.257159507159507,64.45580404685836,sub-080,delta
0.4911061161061161,11.498917748917748,42.70889894419306,0.05463980463980464,4.658535908535908,11.728965003723008,0.2146880896880897,9.48010323010323,22.646176362971094,0.23956598956598957,9.875541125541124,24.258517737969793,sub-080,theta
0.506035631035631,19.206487956487955,26.34711937872494,0.029373404373404372,4.582223332223332,6.410295230885692,0.18156843156843158,14.149045399045399,12.832556999264526,0.283022533022533,16.244172494172492,17.423019431988042,sub-080,alpha
0.5239291958041958,4.331605894105895,120.95495495495496,0.13964160839160839,3.215534465534466,43.42718446601942,0.20206356143856144,3.9725899100899107,50.86444007858546,0.13436563436563437,3.672109140859141,36.59086078639745,sub-081,delta
0.5059003496503497,12.889454295704297,39.24916742355435,0.19588224275724275,10.263174325674326,19.08593155893536,0.20167332667332669,11.457292707292709,17.60217983651226,0.09654408091908091,9.080762987012989,10.631714654061023,sub-081,theta
0.5431911838161838,18.17323301698302,29.889628516212152,0.21161650849150848,14.704045954045956,14.39171974522293,0.17530906593406592,14.793799950049952,11.850171458718016,0.06988324175824176,9.603677572427573,7.276716781796018,sub-081,alpha
0.500077387401331,4.3161064287824855,115.86308068459658,0.10699159994934643,2.5889603354392086,41.32608695652174,0.22149681304610883,4.157814016968946,53.27241962774958,0.17143419960321368,3.865852457401753,44.345768880800726,sub-082,delta
0.5770989573806475,12.969424941255928,44.496880933007866,0.13373949993668305,8.920656807980752,14.99211356466877,0.18537800227941073,11.74177934741315,15.787896944278009,0.10378354040325871,9.659354729777265,10.74435542607429,sub-082,theta
0.5472133500302514,15.920699019290568,34.37118868758285,0.1637376707799243,11.418159305483249,14.34011090573013,0.17761112127309311,13.198069536097705,13.457356076759062,0.11143785791673115,11.344289513303599,9.82325581395349,sub-082,alpha
0.47776667776667775,4.806304806304806,99.4041570438799,0.09415029415029415,2.947052947052947,31.947269303201505,0.23922743922743922,4.3401043401043395,55.12020460358056,0.18885558885558887,4.218004218004218,44.77368421052632,sub-083,delta
0.496037296037296,12.953712953712953,38.29305912596401,0.06978576978576978,7.334332334332334,9.514945138100643,0.2480963480963481,11.993561993561993,20.68579361406756,0.18608058608058609,10.994560994560993,16.924785461887936,sub-083,theta
0.5084693084693085,17.5990675990676,28.891832229580572,0.06172716172716173,8.344433344433345,7.3974060525440635,0.23870573870573872,15.795315795315794,15.11243851018974,0.1910977910977911,14.776889776889776,12.932206572769953,sub-083,alpha
0.5272527472527473,4.105894105894106,128.41362530413625,0.0632967032967033,2.227772227772228,28.41255605381166,0.25662337662337664,3.7712287712287713,68.04768211920529,0.1528271728271728,3.186813186813187,47.956112852664575,sub-084,delta
0.46881118881118883,13.021978021978022,36.001534330648255,0.03952047952047952,4.570429570429571,8.646994535519125,0.2794205794205794,12.287712287712289,22.739837398373982,0.21224775224775225,11.448551448551449,18.539267015706805,sub-084,theta
0.43238761238761236,17.187812187812188,25.15664051147922,0.02943056943056943,4.805194805194805,6.124740124740125,0.3133266733266733,16.65834165834166,18.808995502248877,0.22485514485514485,15.66933066933067,14.350015938795027,sub-084,alpha
0.46566336888917537,3.983919306499952,116.88574317492417,0.1403113016016242,2.8278173439463763,49.61823361823362,0.21844284747510553,3.5528987141890367,61.48299319727891,0.17558248203409493,3.383713061132416,51.89047619047619,sub-085,delta
0.48416100029003256,12.137056491895201,39.89113840026552,0.1430182720505301,8.672778834069158,16.490478402229446,0.22988302020560086,10.735232509426059,21.413883677298312,0.1429377074538365,9.216589861751153,15.508741258741258,sub-085,theta
0.48039057716477074,18.67487351358319,25.72389991371872,0.13650865263768489,12.733234507428056,10.720658019614046,0.2486545712352164,16.701040894589283,14.888567293777134,0.13444619896232798,13.007154136186395,10.336327036234128,sub-085,alpha
0.4636679110363321,4.235895683264105,109.46159813809155,0.11846048688153951,2.773542247226458,42.71090047393365,0.21729586203270415,4.012434933487565,54.155610155610155,0.20057574004942427,4.097875808402125,48.946271050521254,sub-086,delta
0.4303196803196803,11.978153425521848,35.92537722908093,0.11668594563331405,7.775119617224881,15.007607776838546,0.254902991745097,11.228902676271098,22.700614574187885,0.19809138230190862,10.551948051948052,18.772967922765492,sub-086,theta
0.42435196382564805,17.62710973237289,24.073825503355703,0.11251905988748094,10.588096114411904,10.626939788950962,0.27458068247541934,16.654398233345603,16.486977111286503,0.18854829381145172,14.830564172669437,12.713494349656548,sub-086,alpha
0.4732480634119978,3.6930282831922177,128.14634146341464,0.12924780137894892,2.599859157236206,49.713385826771656,0.13172073827811534,3.23856471397455,40.67256637168141,0.2657833969309379,3.8076677420939715,69.8021505376344,sub-087,delta
0.46089975598172317,10.501793288678535,43.887719298245614,0.2037798267306464,8.859992466549844,23.0,0.1517335123892501,9.171156712140318,16.544642857142858,0.1835869048983803,9.523263621624277,19.277730008598454,sub-087,theta
0.45387399485760144,18.420104485678255,24.640142253834185,0.22975385270467238,15.738360000655083,14.598335067637878,0.15959450385679894,15.238859501154582,10.47286405158517,0.15677764858092727,14.776207399158219,10.610141313383208,sub-087,alpha
0.45031239946494184,4.194957584788093,107.34611503531787,0.16072063529690647,3.272151577236323,49.11772315653299,0.24661778899067036,4.165326199224505,59.207317073170735,0.14234917624748133,3.915575949474255,36.354594594594595,sub-088,delta
0.4169559254305017,11.78905839922789,35.36804308797127,0.13317191283292978,8.292554902724394,16.059213884635017,0.2868487444758631,11.454647047867388,25.042128603104214,0.1630234172607054,9.841853062192046,16.564301075268816,sub-088,theta
0.4349210111921976,16.293029004893413,26.69368667186282,0.155894952505122,11.518142874075078,13.534729878721059,0.2698995919334902,15.730032679185221,17.158234660925725,0.13928444436919013,12.618737195008382,11.037906742703791,sub-088,alpha
0.7393126354165315,3.9895169765299636,185.31382113821138,0.05539914630823722,2.124498877745631,26.076335877862597,0.09216757268705321,3.363519597285831,27.40212150433944,0.11312064558817805,3.4802859478184156,32.503261882572225,sub-089,delta
0.7069424082411095,12.626983406204186,55.9866426920113,0.040375209206378035,4.826342488680151,8.365591397849462,0.11515756970302425,10.324091492922662,11.15425699026076,0.13752481284948817,10.872244638478405,12.649164677804295,sub-089,theta
0.8050780388442726,17.93336533596274,44.89274733224815,0.028114742400456687,5.111771345537579,5.5,0.08583624168039752,12.273440844869416,6.993657505285412,0.08097097707487318,12.0301776145932,6.730655163116743,sub-089,alpha
0.6018329496590367,3.999623564840956,150.47239819004525,0.1469110599545382,3.0621552360682793,47.976359338061464,0.1632135979962067,3.6268079746340613,45.00199600798403,0.08804239239021848,2.9680464463073157,29.663414634146342,sub-090,delta
0.5814185814185814,14.37692742040568,40.44108761329305,0.18957853740462435,11.303913477826521,16.771053474223503,0.1586095064355934,10.464173507651768,15.157384987893462,0.07039337474120083,7.210181123224602,9.763052208835342,sub-090,theta
0.5564725129942522,17.4173652434522,31.949293433083955,0.1694247781204303,12.914621610273784,13.11883408071749,0.1975850236719802,14.326253456688239,13.791814047498736,0.07651768521333739,9.121313469139556,8.38888888888889,sub-090,alpha
0.45989603616722263,4.897644728153203,93.90146931719966,0.16610508135931865,3.619262093838365,45.89473684210526,0.24475524475524477,4.787585296059873,51.12290008841733,0.12924363771821398,4.12722870349989,31.314871794871795,sub-091,delta
0.4471291420443963,12.491745542593002,35.79396814639105,0.17279330838652873,9.570937537039232,18.053958425475454,0.24631300902487344,11.945681437206861,20.619418851878102,0.13376454054420156,10.180497468633062,13.13929313929314,sub-091,theta
0.4313144482636008,15.67923601821907,27.50863930885529,0.165884962495132,11.653600636651484,14.23465310570287,0.2647352647352647,14.798760561472427,17.889016018306638,0.13806532450600248,12.191198631876599,11.325,sub-091,alpha
0.43688514874955553,4.859547232428588,89.90243902439025,0.21573341912324964,4.203423694949119,51.323262839879156,0.22843258436478775,5.088132206776275,44.89517470881864,0.11894884776240708,4.605563927597826,25.827205882352942,sub-092,delta
0.45043092500719617,11.111769586345858,40.53638095238095,0.2415719873346992,9.934980273963324,24.315296122709842,0.2074874278264109,10.299023010887417,20.146321413892313,0.10050965983169373,8.419546555139776,11.937657114127703,sub-092,theta
0.46097969826783386,19.433955874633842,23.720322369854063,0.1711847474559339,14.485514485514486,11.817650496785506,0.24465365143331244,17.69840329162363,13.823487204018177,0.12318190284291979,14.079141197785265,8.749248346361997,sub-092,alpha
0.46239913932221627,4.756781679858603,97.20840064620356,0.20613232920925229,3.619457465611312,56.95116772823779,0.17130561745946363,4.556981480058403,37.59190556492411,0.16016291400906785,4.407131330208253,36.34176111595466,sub-093,delta
0.4061323292092523,12.164758318604473,33.38597599494631,0.17305771151924998,9.54045954045954,18.139347563431333,0.2572965496042419,11.177284254207331,23.019594362323822,0.16351340966725583,10.247444862829479,15.956505436820395,sub-093,theta
0.3458234073618689,15.042649658034273,22.989527458492976,0.1348497656189964,10.850687773764697,12.427762039660056,0.30724659955429184,15.622838699761777,19.666502705361534,0.21208022746484284,14.285714285714286,14.845615922539,sub-093,alpha
0.42543171114599687,4.217211360068504,100.87986463620982,0.12073640645069217,2.686599115170544,44.940239043824704,0.23071214499785928,3.953189667475382,58.36101083032491,0.22311973740545168,4.088768374482661,54.56893542757417,sub-094,delta
0.4316397887826459,12.041529898672756,35.845925925925926,0.12394748109033824,7.699443413729129,16.098239110287302,0.28732695875553016,11.609818752675897,24.74861708666257,0.15708577137148566,10.022120736406452,15.673905304378785,sub-094,theta
0.46981589838732696,17.88925360353932,26.262465097726366,0.11127443984586842,10.30754959326388,10.795430944963655,0.28862566005423146,16.683316683316686,17.300256629597946,0.13028400171257315,12.71942343370915,10.242917251051894,sub-094,alpha
0.6174515140032382,4.383547486995763,140.8565815324165,0.03579179441248407,2.2865065968514244,15.653483992467041,0.16483516483516483,4.262978400909436,38.666666666666664,0.18192152674911297,4.082124771779944,44.565400843881854,sub-095,delta
0.6452685245788694,10.782321127148714,59.84504792332268,0.03871990078886631,4.784009094353922,8.093609360936094,0.13586413586413587,9.077129766784939,14.96774193548387,0.18014743876812842,9.593854421440628,18.77737881508079,sub-095,theta
0.6574115539632781,19.325502084122775,34.01782531194296,0.04423163043852699,7.36332632884357,6.007017543859649,0.13372834062489236,14.739570774053533,9.072743207712533,0.16462847497330255,15.9581797512832,10.316243928764166,sub-095,alpha
0.49275724275724275,4.253558941058942,115.84587155963303,0.11939622877122877,2.9735889110889113,40.15223097112861,0.28135926573426573,4.284777722277723,65.6648451730419,0.10648726273726274,3.3638236763236766,31.65661252900232,sub-096,delta
0.4616165084915085,10.161713286713288,45.427035330261134,0.13383491508491507,7.195929070929072,18.598698481561822,0.27869005994005996,9.818306693306694,28.384737678855327,0.12585851648351648,7.691527222777224,16.363267376966007,sub-096,theta
0.45504495504495507,16.651317432567435,27.327865010546052,0.12231518481518482,10.743163086913087,11.38539774791137,0.25805444555444557,15.332323926073927,16.83074573682871,0.1645854145854146,13.240665584415586,12.430297671676982,sub-096,alpha
0.5299316068546838,4.287379287379287,123.60268857356236,0.18097287328056558,3.5797535797535796,50.55456171735241,0.19420323266477113,4.12408104715797,47.090062111801245,0.09489228719997951,3.5253208330131405,26.917347865576748,sub-097,delta
0.5591587899280207,13.701042547196392,40.811404533769576,0.17275032659648043,10.73285688670304,16.09546539379475,0.1769256384641,11.645405876175106,15.192741270277702,0.09116524501139886,9.285586208663132,9.81793103448276,sub-097,theta
0.5437767360844284,16.614795460949306,32.728464058585466,0.1641179333487026,12.583570275877968,13.042239185750637,0.19576577268884962,14.06286021670637,13.920765027322405,0.09633955787801941,11.040241809472578,8.726218097447795,sub-097,alpha
0.5852314352314353,4.574592074592075,127.93084622383985,0.12289377289377289,2.9595404595404595,41.52461322081575,0.18974358974358974,4.191641691641691,45.267130089374376,0.10213120213120214,3.642191142191142,28.04114285714286,sub-098,delta
0.5607226107226108,12.62071262071262,44.428759894459105,0.12823842823842824,8.258408258408258,15.528225806451612,0.20013320013320013,10.98068598068598,18.22592873388931,0.1109057609057609,9.224109224109224,12.02346570397112,sub-098,theta
0.5093573093573094,19.67199467199467,25.89250952179433,0.11764901764901765,12.02963702963703,9.77993079584775,0.2543123543123543,18.323343323343323,13.879145842798728,0.11868131868131868,13.744588744588745,8.634766807995154,sub-098,alpha
0.47725607725607727,4.54961704961705,104.90027447392498,0.11911421911421911,3.175990675990676,37.5045871559633,0.25068265068265067,4.3498168498168495,57.63062200956938,0.15294705294705294,3.871128871128871,39.50967741935484,sub-099,delta
0.46366966366966367,13.157675657675657,35.23948117684277,0.12286047286047286,9.215784215784215,13.33152664859982,0.26581751581751584,12.22111222111222,21.750681198910083,0.14765234765234767,10.377122877122877,14.22864019253911,sub-099,theta
0.48841158841158844,17.64069264069264,27.686644643699857,0.10043290043290043,10.78088578088578,9.315830115830115,0.2713120213120213,15.854978354978355,17.112102914150697,0.13984348984348985,13.086913086913086,10.685750636132315,sub-099,alpha
0.43272903567021215,4.065787154022448,106.43179765130985,0.13701004877475464,3.0300581771170005,45.2169696969697,0.21177352059705,3.7719633307868605,56.14410905550146,0.2184873949579832,3.827055297643533,57.09021113243762,sub-100,delta
0.4272345301757067,11.110213316095669,38.454214876033056,0.18255274137627078,8.436416524651818,21.638659120592077,0.22011811717694071,10.206705059646236,21.56603094638359,0.17009461127108186,9.26279602750191,18.363203806502774,sub-100,theta
0.4434389140271493,19.00305576776165,23.33513722458446,0.12959099723805606,12.046776752659106,10.757317073170732,0.2839954163483575,16.953634600693423,16.751299826689774,0.1429746723864371,11.863136863136864,12.052012383900928,sub-100,alpha
