{
    "Name": "Rest eyes open",
    "ReferencesAndLinks": [
        "doi: https://doi.org/10.1101/2022.07.26.22278079"
    ],
    "BIDSVersion": "v1.2.1",
    "License": "CC0",
    "Authors": [
        "Arun Singh arun.singh@usd.edu",
        "Rachel Cole rachel-cole@uiowa.edu",
        "Arturo Espinoza arturo-espinoza@uiowa.edu",
        "Jim Cavanagh jcavanagh@unm.edu",
        "Nandakumar Narayanan nandakumar-narayanan@uiowa.edu"
    ],
    "DatasetDOI": "doi:10.18112/openneuro.ds004584.v1.0.0"
}